<?xml version="1.0" encoding="utf-8"?>
<group title="网络ADB/系统模式/恢复模式（Recovery）/sideload模式下重启到">
<!-- START -->
    <action shell="hidden" confirm="true" auto-off="true" auto-finish="true" >
        <title>重启手机</title>
        <set>adb reboot</set>
    </action>
<!-- END -->
<!-- START -->
    <action shell="hidden" confirm="true" auto-off="true" auto-finish="true" >
        <title>重启至Recovery（卡刷、恢复模式）</title>
        <set>adb reboot recovery</set>
    </action>
<!-- END -->
<!-- START -->
    <action shell="hidden" confirm="true" auto-off="true" auto-finish="true" >
        <title>重启到sideload模式（ADB线刷）</title>
        <set>adb reboot sideload</set>
    </action>
<!-- END -->
<!-- START -->
    <action shell="hidden" confirm="true" auto-off="true" auto-finish="true" >
        <title>重启到FastBoot（线刷、引导模式）</title>
        <set>adb reboot bootloader</set>
    </action>
<!-- END -->
<!-- START -->
    <action shell="hidden" confirm="true" auto-off="true" auto-finish="true" >
        <title>重启至下载模式</title>
        <desc>（不通用仅适用部分机型）例如：三星系统可用</desc>
        <set>adb reboot download</set>
    </action>
<!-- END -->
<!-- START -->
    <action shell="hidden" confirm="true" auto-off="true" auto-finish="true" >
        <title>重启至安全模式</title>
        <desc>只加载系统必要程序，系统之外的第三方程序或文件统统不会启动。需要退出安全模式，只要重启就可以退出</desc>
        <set>adbsu -c setprop persist.sys.safemode 1 &#38;&#38; adb reboot</set>
    </action>
<!-- END -->
<!-- START -->
    <action shell="hidden" confirm="true" auto-off="true" auto-finish="true" >
        <title>重启至9008</title>
        <desc sh="echo -e &quot;不通用，仅适用于部分机型，理论上应该需要解锁BL才可以，在该模式下手机会黑屏，插入电脑会显示9008端口\n如果长按电源键无法退出9008，可以尝试按住电源音量加音量减一起长按&quot;" />
        <set>adb reboot edl</set>
    </action>
<!-- END -->
<!-- START -->
    <action shell="hidden" confirm="true" auto-off="true" auto-finish="true" >
        <title>关机</title>
        <set>adb2 -c reboot -p </set>
    </action>
<!-- END -->
<!-- START -->
    <action shell="hidden" confirm="true" auto-off="true" auto-finish="true" >
        <title>重启SystemUI</title>
        <set>adbsu -c pkill -f com.android.systemui</set>
    </action>
<!-- END -->
</group>
<group title="引导模式（FASTBOOT）下重启到">
<!-- START -->
    <action shell="hidden" confirm="true" auto-off="true" auto-finish="true" >
        <title>重启手机</title>
        <set>fastboot reboot</set>
    </action>
<!-- END -->
<!-- START -->
    <action shell="hidden" confirm="true" auto-off="true" auto-finish="true" >
        <title>重启至Recovery（卡刷、恢复模式）①</title>
        <desc>理论上通用所有品牌机型</desc>
        <set>fastboot flash misc $PeiZhi_File/misc.bin &#38;/dev/null; fastboot reboot</set>
    </action>
<!-- END -->
<!-- START -->
    <action shell="hidden" confirm="true" auto-off="true" auto-finish="true" >
        <title>重启至Recovery（卡刷、恢复模式）②</title>
        <desc>不通用仅适用部分机型，可在方案①失败下尝试执行方案②</desc>
        <set>fastboot oem reboot-recovery</set>
    </action>
<!-- END -->
<!-- START -->
    <action shell="hidden" confirm="true" auto-off="true" auto-finish="true" >
        <title>重启到FastBoot（线刷、引导模式）</title>
        <set>fastboot reboot-bootloader</set>
    </action>
<!-- END -->
<!-- START -->
    <action shell="hidden" confirm="true" auto-off="true" auto-finish="true" >
        <title>重启至9008</title>
        <desc sh="echo -e &quot;不通用，仅适用于部分机型，理论上应该需要解锁BL才可以，在该模式下手机会黑屏，插入电脑会显示9008端口\n如果长按电源键无法退出9008，可以尝试按住电源音量加音量减一起长按&quot;" />
        <set>fastboot oem edl</set>
    </action>
<!-- END -->
<!-- START -->
    <action shell="hidden" confirm="true" auto-off="true" auto-finish="true" >
        <title>重启到HTC RUU刷机模式</title>
        <set>fastboot oem rebootRUU</set>
    </action>
<!-- END -->
</group>